<?xml version="1.0" encoding="UTF-8" ?>

<!DOCTYPE mapper PUBLIC "-//mybatis.org//DTD Mapper 3.0//EN" 
	"http://mybatis.org/dtd/mybatis-3-mapper.dtd"> 
	
<mapper namespace="BoardMapper">

	<insert id="insert"	parameterType="board" useGeneratedKeys="true" keyProperty="no">
		insert into board(id,title,contents,file_name) value("${id}","${title}","${contents}","${fileName}")
	</insert>
	
	<select id="selectAll" resultType="board">
		select*from board
	</select>
	
	<select id="selectOne" resultType="board" parameterType="String">
		select*from board where no=${value}
	</select>
	
	<delete id="delete" parameterType="String">
		delete from board where no=${value}
	</delete>
	
	<update id="update" parameterType="board">
		update board set title=${title},contents=${contents},file_name=${fileName} where no=${no}
	</update>	
			
</mapper>






