<?xml version="1.0" encoding="UTF-8" ?>
<!DOCTYPE configuration PUBLIC "-//mybatis.org//DTD Config 3.0//EN" 
	"http://mybatis.org/dtd/mybatis-3-config.dtd">
<configuration>
	<typeAliases>
		<package name="com.encore.spring"/>
	</typeAliases>
	
	<environments default="aa">
		<environment id="aa">
			<transactionManager type="JDBC"/>			
			<dataSource type="UNPOOLED">
				<property name="driver" value="${jdbc.driver}"/>
				<property name="url" value="${jdbc.url}"/>
				<property name="username" value="${jdbc.user}"/>
				<property name="password" value="${jdbc.password}"/>
			</dataSource>
		</environment>
	</environments>
	<mappers>
	 <mapper resource="spring/Board_query.xml" />
	 <mapper resource="spring/member.xml" />
	</mappers>
</configuration>


















